Run ID,Total Time in Environment,Percentage Searched,Percentage Found,Percentage Not Found,Total Mission Time,Number of Recharges,Time in Backtracking,Percentage Recharging,Min Battery,Max Battery,Average Battery,Dead Bots,WPT Summary
1_1_1_1_10_1_1_5_2_5_0.2_5,4532,34.76,10.00,90.00,3000,6,1605,53.50,0,0,0.0,6,Bots Recharged for WPT: 6
1_1_1_10_10_1_1_5_2_5_0.2_5,3189,36.44,40.00,60.00,3000,3,1559,51.97,0,44.000000000000185,7.333333333333364,5,Bots Recharged for WPT: 3
1_1_1_20_10_1_1_5_2_5_0.2_5,4544,34.20,10.00,90.00,3000,7,1455,48.50,0,88.80000000000004,14.800000000000006,5,Bots Recharged for WPT: 7
1_1_1_50_10_1_1_5_2_5_0.2_5,4554,35.84,10.00,90.00,3000,5,170,5.67,0,99.2,36.00000000000003,3,Bots Recharged for WPT: 5
1_1_10_1_10_1_1_5_2_5_0.2_5,3584,36.20,40.00,60.00,3000,6,1278,42.60,0,24.800000000000175,4.133333333333362,5,Bots Recharged for WPT: 6
1_1_10_10_10_1_1_5_2_5_0.2_5,5000,32.40,0.00,100.00,3000,9,967,32.23,0,98.4,50.80000000000005,2,Bots Recharged for WPT: 9
1_1_10_20_10_1_1_5_2_5_0.2_5,4191,32.32,20.00,80.00,3000,3,1805,60.17,0,0,0.0,6,Bots Recharged for WPT: 3
1_1_10_50_10_1_1_5_2_5_0.2_5,4594,30.60,10.00,90.00,3000,3,1766,58.87,0,0,0.0,6,Bots Recharged for WPT: 3
1_1_20_1_10_1_1_5_2_5_0.2_5,4053,35.48,20.00,80.00,3000,12,1571,52.37,0,83.20000000000006,21.733333333333366,4,Bots Recharged for WPT: 12
1_1_20_10_10_1_1_5_2_5_0.2_5,5000,33.68,0.00,100.00,3000,32,990,33.00,0,100,49.333333333333336,3,Bots Recharged for WPT: 32
1_1_20_20_10_1_1_5_2_5_0.2_5,3643,30.96,30.00,70.00,3000,6,810,27.00,0,98.4,32.26666666666667,4,Bots Recharged for WPT: 6
1_1_20_50_10_1_1_5_2_5_0.2_5,5000,30.16,0.00,100.00,3000,3,775,25.83,0,43.20000000000019,19.2000000000001,3,Bots Recharged for WPT: 3
1_1_50_1_10_1_1_5_2_5_0.2_5,5000,26.80,0.00,100.00,3000,5,766,25.53,0,58.40000000000013,18.133333333333383,4,Bots Recharged for WPT: 5
1_1_50_10_10_1_1_5_2_5_0.2_5,4720,27.40,10.00,90.00,3000,5,1280,42.67,0,33.60000000000014,10.26666666666672,4,Bots Recharged for WPT: 5
1_1_50_20_10_1_1_5_2_5_0.2_5,5000,28.64,0.00,100.00,3000,16,657,21.90,0,100,39.46078973927499,2,Bots Recharged for WPT: 16
1_1_50_50_10_1_1_5_2_5_0.2_5,5000,26.32,0.00,100.00,3000,3,1074,35.80,0,85.60000000000005,14.266666666666675,5,Bots Recharged for WPT: 3
1_10_1_1_10_1_1_5_2_5_0.2_5,3626,37.84,30.00,70.00,3000,1,1667,55.57,0,0,0.0,6,Bots Recharged for WPT: 1
1_10_1_10_10_1_1_5_2_5_0.2_5,4538,31.52,10.00,90.00,3000,13,1459,48.63,0,85.60000000000005,14.266666666666675,5,Bots Recharged for WPT: 13
1_10_1_20_10_1_1_5_2_5_0.2_5,4586,32.04,10.00,90.00,3000,9,375,12.50,0,0,0.0,6,Bots Recharged for WPT: 9
1_10_1_50_10_1_1_5_2_5_0.2_5,4550,30.52,10.00,90.00,3000,1,900,30.00,0,0,0.0,6,Bots Recharged for WPT: 1
1_10_10_1_10_1_1_5_2_5_0.2_5,4097,31.68,20.00,80.00,3000,5,1447,48.23,0,0,0.0,6,Bots Recharged for WPT: 5
1_10_10_10_10_1_1_5_2_5_0.2_5,4519,31.92,10.00,90.00,3000,4,1671,55.70,0,0,0.0,6,Bots Recharged for WPT: 4
1_10_10_20_10_1_1_5_2_5_0.2_5,4094,34.76,20.00,80.00,3000,8,1370,45.67,0,95.20000000000002,16.728872047795132,4,Bots Recharged for WPT: 8
1_10_10_50_10_1_1_5_2_5_0.2_5,4575,32.24,10.00,90.00,3000,6,953,31.77,0,88.00000000000004,28.800000000000015,4,Bots Recharged for WPT: 6
1_10_20_1_10_1_1_5_2_5_0.2_5,4060,30.72,20.00,80.00,3000,4,855,28.50,0,63.20000000000013,20.933333333333376,4,Bots Recharged for WPT: 4
1_10_20_10_10_1_1_5_2_5_0.2_5,4562,32.56,10.00,90.00,3000,9,951,31.70,0,84.80000000000005,24.933333333333366,4,Bots Recharged for WPT: 9
1_10_20_20_10_1_1_5_2_5_0.2_5,4513,31.36,10.00,90.00,3000,184,467,15.57,0,100,33.733333333333384,3,Bots Recharged for WPT: 184
1_10_20_50_10_1_1_5_2_5_0.2_5,4072,32.56,20.00,80.00,3000,2,1141,38.03,0,63.20000000000013,10.533333333333355,5,Bots Recharged for WPT: 2
1_10_50_1_10_1_1_5_2_5_0.2_5,5000,26.40,0.00,100.00,3000,3,1061,35.37,0,0,0.0,6,Bots Recharged for WPT: 3
1_10_50_10_10_1_1_5_2_5_0.2_5,4924,29.24,20.00,80.00,3000,6,649,21.63,0,18.678796692634283,3.1131327821057138,5,Bots Recharged for WPT: 6
1_10_50_20_10_1_1_5_2_5_0.2_5,4065,24.92,20.00,80.00,3000,1,1598,53.27,0,0,0.0,6,Bots Recharged for WPT: 1
1_10_50_50_10_1_1_5_2_5_0.2_5,4077,27.64,20.00,80.00,3000,14,1364,45.47,0,96.80000000000001,29.200000000000017,4,Bots Recharged for WPT: 14
1_20_1_1_10_1_1_5_2_5_0.2_5,4524,31.88,10.00,90.00,3000,16,840,28.00,0,100,57.33333333333337,2,Bots Recharged for WPT: 16
1_20_1_10_10_1_1_5_2_5_0.2_5,4069,37.60,20.00,80.00,3000,6,1585,52.83,0,0,0.0,6,Bots Recharged for WPT: 6
1_20_1_20_10_1_1_5_2_5_0.2_5,3648,35.96,30.00,70.00,3000,11,910,30.33,0,76.00000000000009,17.866666666666713,4,Bots Recharged for WPT: 11
1_20_1_50_10_1_1_5_2_5_0.2_5,4546,32.20,10.00,90.00,3000,2,543,18.10,0,0,0.0,6,Bots Recharged for WPT: 2
1_20_10_1_10_1_1_5_2_5_0.2_5,5000,28.76,0.00,100.00,3000,1,1632,54.40,0,62.400000000000134,10.400000000000022,5,Bots Recharged for WPT: 1
1_20_10_10_10_1_1_5_2_5_0.2_5,5000,30.32,0.00,100.00,3000,2,1484,49.47,0,0,0.0,6,Bots Recharged for WPT: 2
1_20_10_20_10_1_1_5_2_5_0.2_5,4532,30.44,10.00,90.00,3000,20,897,29.90,0,86.40000000000005,41.333333333333364,3,Bots Recharged for WPT: 20
1_20_10_50_10_1_1_5_2_5_0.2_5,4113,30.44,20.00,80.00,3000,1,1308,43.60,0,0,0.0,6,Bots Recharged for WPT: 1
1_20_20_1_10_1_1_5_2_5_0.2_5,4523,27.12,10.00,90.00,3000,1,900,30.00,0,0,0.0,6,Bots Recharged for WPT: 1
1_20_20_10_10_1_1_5_2_5_0.2_5,5000,28.16,0.00,100.00,3000,1,1277,42.57,0,0,0.0,6,Bots Recharged for WPT: 1
1_20_20_20_10_1_1_5_2_5_0.2_5,3125,28.92,40.00,60.00,3000,1,471,15.70,0,0,0.0,6,Bots Recharged for WPT: 1
1_20_20_50_10_1_1_5_2_5_0.2_5,4081,30.68,20.00,80.00,3000,2,2264,75.47,0,0,0.0,6,Bots Recharged for WPT: 2
1_20_50_1_10_1_1_5_2_5_0.2_5,5000,26.40,0.00,100.00,3000,3,617,20.57,0,0,0.0,6,Bots Recharged for WPT: 3
1_20_50_10_10_1_1_5_2_5_0.2_5,4571,27.88,10.00,90.00,3000,4,1515,50.50,0,0,0.0,6,Bots Recharged for WPT: 4
1_20_50_20_10_1_1_5_2_5_0.2_5,5000,25.28,0.00,100.00,3000,1,1984,66.13,0,0,0.0,6,Bots Recharged for WPT: 1
1_20_50_50_10_1_1_5_2_5_0.2_5,5000,25.40,0.00,100.00,3000,1,1161,38.70,0,0,0.0,6,Bots Recharged for WPT: 1
1_50_1_1_10_1_1_5_2_5_0.2_5,2781,38.20,50.00,50.00,3000,3,953,31.77,0,0,0.0,6,Bots Recharged for WPT: 3
1_50_1_10_10_1_1_5_2_5_0.2_5,4551,32.04,10.00,90.00,3000,2,1242,41.40,0,0,0.0,6,Bots Recharged for WPT: 2
1_50_1_20_10_1_1_5_2_5_0.2_5,4537,33.36,10.00,90.00,3000,6,930,31.00,0,92.80000000000003,28.133333333333354,4,Bots Recharged for WPT: 6
1_50_1_50_10_1_1_5_2_5_0.2_5,3199,30.36,40.00,60.00,3000,2,83,2.77,0,61.60000000000013,29.333333333333403,3,Bots Recharged for WPT: 2
1_50_10_1_10_1_1_5_2_5_0.2_5,4518,29.84,10.00,90.00,3000,7,1464,48.80,0,62.40000000000013,19.466666666666715,4,Bots Recharged for WPT: 7
1_50_10_10_10_1_1_5_2_5_0.2_5,4127,31.16,20.00,80.00,3000,188,128,4.27,0,100,55.20000000000004,2,Bots Recharged for WPT: 188
1_50_10_20_10_1_1_5_2_5_0.2_5,4133,31.36,20.00,80.00,3000,76,753,25.10,0,100,33.06666666666667,4,Bots Recharged for WPT: 76
1_50_10_50_10_1_1_5_2_5_0.2_5,4570,30.36,10.00,90.00,3000,166,550,18.33,0,100,48.93333333333334,3,Bots Recharged for WPT: 166
1_50_20_1_10_1_1_5_2_5_0.2_5,4127,33.48,20.00,80.00,3000,16,956,31.87,0,91.20000000000003,29.866666666666678,4,Bots Recharged for WPT: 16
1_50_20_10_10_1_1_5_2_5_0.2_5,4552,28.92,10.00,90.00,3000,3,1820,60.67,0,0,0.0,6,Bots Recharged for WPT: 3
1_50_20_20_10_1_1_5_2_5_0.2_5,3193,28.56,40.00,60.00,3000,4,1819,60.63,0,0,0.0,6,Bots Recharged for WPT: 4
1_50_20_50_10_1_1_5_2_5_0.2_5,4079,30.16,20.00,80.00,3000,6,1424,47.47,0,0,0.0,6,Bots Recharged for WPT: 6
1_50_50_1_10_1_1_5_2_5_0.2_5,4545,30.80,10.00,90.00,3000,10,809,26.97,0,75.20000000000009,21.200000000000035,4,Bots Recharged for WPT: 10
1_50_50_10_10_1_1_5_2_5_0.2_5,5000,30.48,0.00,100.00,3000,16,1170,39.00,0,0,0.0,6,Bots Recharged for WPT: 16
1_50_50_20_10_1_1_5_2_5_0.2_5,5000,24.80,0.00,100.00,3000,1,819,27.30,0,48.80000000000018,8.133333333333363,5,Bots Recharged for WPT: 1
1_50_50_50_10_1_1_5_2_5_0.2_5,5000,24.40,0.00,100.00,3000,8,460,15.33,0,73.6000000000001,32.13333333333339,3,Bots Recharged for WPT: 8
10_1_1_1_10_1_1_5_2_5_0.2_5,4632,45.28,10.00,90.00,3000,22,1366,45.53,0,90.40000000000003,20.93333333333337,4,Bots Recharged for WPT: 22
10_1_1_10_10_1_1_5_2_5_0.2_5,4570,46.96,10.00,90.00,3000,6,1187,39.57,0,88.80000000000004,22.666666666666703,4,Bots Recharged for WPT: 6
10_1_1_20_10_1_1_5_2_5_0.2_5,4544,37.92,10.00,90.00,3000,8,850,28.33,0,77.60000000000008,32.66666666666672,3,Bots Recharged for WPT: 8
10_1_1_50_10_1_1_5_2_5_0.2_5,4566,38.40,10.00,90.00,3000,2,1974,65.80,0,0,0.0,6,Bots Recharged for WPT: 2
10_1_10_1_10_1_1_5_2_5_0.2_5,4065,42.24,20.00,80.00,3000,2,1378,45.93,0,48.800000000000125,15.066666666666713,4,Bots Recharged for WPT: 2
10_1_10_10_10_1_1_5_2_5_0.2_5,4103,42.20,20.00,80.00,3000,1,615,20.50,0,0,0.0,6,Bots Recharged for WPT: 1
10_1_10_20_10_1_1_5_2_5_0.2_5,4878,46.40,10.00,90.00,3000,5,1215,40.50,0,0,0.0,6,Bots Recharged for WPT: 5
10_1_10_50_10_1_1_5_2_5_0.2_5,4082,40.52,20.00,80.00,3000,12,1101,36.70,0,86.40000000000005,36.26666666666671,3,Bots Recharged for WPT: 12
10_1_20_1_10_1_1_5_2_5_0.2_5,4737,40.64,10.00,90.00,3000,16,1057,35.23,0,100,23.600000000000026,4,Bots Recharged for WPT: 16
10_1_20_10_10_1_1_5_2_5_0.2_5,5000,35.76,0.00,100.00,3000,6,547,18.23,0,82.40000000000006,36.821234935361424,1,Bots Recharged for WPT: 6
10_1_20_20_10_1_1_5_2_5_0.2_5,4519,41.60,10.00,90.00,3000,10,890,29.67,0,50.400000000000155,26.127924351159944,2,Bots Recharged for WPT: 10
10_1_20_50_10_1_1_5_2_5_0.2_5,4014,43.76,30.00,70.00,3000,4,1227,40.90,0,0,0.0,6,Bots Recharged for WPT: 4
10_1_50_1_10_1_1_5_2_5_0.2_5,4520,38.20,10.00,90.00,3000,5,1360,45.33,0,0,0.0,6,Bots Recharged for WPT: 5
10_1_50_10_10_1_1_5_2_5_0.2_5,5000,40.64,0.00,100.00,3000,5,1053,35.10,0,28.691273170229717,4.781878861704953,5,Bots Recharged for WPT: 5
10_1_50_20_10_1_1_5_2_5_0.2_5,4040,34.76,20.00,80.00,3000,10,878,29.27,0,99.2,56.133333333333375,2,Bots Recharged for WPT: 10
10_1_50_50_10_1_1_5_2_5_0.2_5,4522,38.48,10.00,90.00,3000,9,834,27.80,0,77.60000000000008,31.466666666666725,3,Bots Recharged for WPT: 9
10_10_1_1_10_1_1_5_2_5_0.2_5,3433,46.92,40.00,60.00,3000,5,1187,39.57,0,0,0.0,6,Bots Recharged for WPT: 5
10_10_1_10_10_1_1_5_2_5_0.2_5,3667,48.80,40.00,60.00,3000,6,1597,53.23,0,63.20000000000013,10.533333333333355,5,Bots Recharged for WPT: 6
10_10_1_20_10_1_1_5_2_5_0.2_5,3158,46.04,40.00,60.00,3000,10,773,25.77,0,0,0.0,6,Bots Recharged for WPT: 10
10_10_1_50_10_1_1_5_2_5_0.2_5,4141,49.36,40.00,60.00,3000,13,1189,39.63,0,72.0000000000001,31.86666666666672,3,Bots Recharged for WPT: 13
10_10_10_1_10_1_1_5_2_5_0.2_5,3221,42.00,40.00,60.00,3000,1,1262,42.07,0,39.20000000000019,6.533333333333364,5,Bots Recharged for WPT: 1
10_10_10_10_10_1_1_5_2_5_0.2_5,3715,41.76,30.00,70.00,3000,2,1244,41.47,0,36.80000000000017,6.133333333333361,5,Bots Recharged for WPT: 2
10_10_10_20_10_1_1_5_2_5_0.2_5,4078,45.32,30.00,70.00,3000,63,1615,53.83,0,100,32.00000000000001,4,Bots Recharged for WPT: 63
10_10_10_50_10_1_1_5_2_5_0.2_5,4277,42.00,20.00,80.00,3000,6,1248,41.60,0,34.40000000000019,5.733333333333365,5,Bots Recharged for WPT: 6
10_10_20_1_10_1_1_5_2_5_0.2_5,5000,35.76,0.00,100.00,3000,2,883,29.43,0,57.60000000000014,26.13333333333341,3,Bots Recharged for WPT: 2
10_10_20_10_10_1_1_5_2_5_0.2_5,3448,40.32,40.00,60.00,3000,4,1287,42.90,0,66.40000000000012,11.066666666666686,5,Bots Recharged for WPT: 4
10_10_20_20_10_1_1_5_2_5_0.2_5,4691,39.88,20.00,80.00,3000,7,971,32.37,0,66.40000000000012,11.066666666666686,5,Bots Recharged for WPT: 7
10_10_20_50_10_1_1_5_2_5_0.2_5,5000,35.64,0.00,100.00,3000,8,1005,33.50,0,85.60000000000005,24.901285383119898,3,Bots Recharged for WPT: 8
10_10_50_1_10_1_1_5_2_5_0.2_5,3959,43.28,30.00,70.00,3000,11,556,18.53,0,84.80000000000005,33.33333333333339,3,Bots Recharged for WPT: 11
10_10_50_10_10_1_1_5_2_5_0.2_5,4531,36.52,10.00,90.00,3000,19,1330,44.33,0,98.4,31.066666666666674,4,Bots Recharged for WPT: 19
10_10_50_20_10_1_1_5_2_5_0.2_5,3705,34.56,30.00,70.00,3000,2,1559,51.97,0,0,0.0,6,Bots Recharged for WPT: 2
10_10_50_50_10_1_1_5_2_5_0.2_5,4285,36.72,20.00,80.00,3000,16,834,27.80,0,48.80000000000017,14.550416258154852,3,Bots Recharged for WPT: 16
10_20_1_1_10_1_1_5_2_5_0.2_5,2497,45.12,60.00,40.00,3000,23,1445,48.17,0,0,0.0,6,Bots Recharged for WPT: 23
10_20_1_10_10_1_1_5_2_5_0.2_5,3702,44.12,40.00,60.00,3000,30,1115,37.17,0,89.60000000000004,18.800000000000036,4,Bots Recharged for WPT: 30
10_20_1_20_10_1_1_5_2_5_0.2_5,4220,40.76,20.00,80.00,3000,3,1601,53.37,0,0,0.0,6,Bots Recharged for WPT: 3
10_20_1_50_10_1_1_5_2_5_0.2_5,3674,40.56,30.00,70.00,3000,6,1498,49.93,0,0,0.0,6,Bots Recharged for WPT: 6
10_20_10_1_10_1_1_5_2_5_0.2_5,3546,45.64,40.00,60.00,3000,27,1169,38.97,0,44.800000000000175,7.466666666666696,5,Bots Recharged for WPT: 27
10_20_10_10_10_1_1_5_2_5_0.2_5,4082,45.04,20.00,80.00,3000,2,1627,54.23,0,0,0.0,6,Bots Recharged for WPT: 2
10_20_10_20_10_1_1_5_2_5_0.2_5,2753,43.48,50.00,50.00,3000,4,1742,58.07,0,0,0.0,6,Bots Recharged for WPT: 4
10_20_10_50_10_1_1_5_2_5_0.2_5,4056,40.84,20.00,80.00,3000,10,1366,45.53,0,74.40000000000009,19.333333333333382,4,Bots Recharged for WPT: 10
10_20_20_1_10_1_1_5_2_5_0.2_5,3679,40.04,30.00,70.00,3000,1,1696,56.53,0,0,0.0,6,Bots Recharged for WPT: 1
10_20_20_10_10_1_1_5_2_5_0.2_5,2791,41.04,50.00,50.00,3000,4,1730,57.67,0,51.200000000000145,8.533333333333358,5,Bots Recharged for WPT: 4
10_20_20_20_10_1_1_5_2_5_0.2_5,2261,42.48,60.00,40.00,3000,6,1230,41.00,0,68.00000000000011,12.386900373916156,4,Bots Recharged for WPT: 6
10_20_20_50_10_1_1_5_2_5_0.2_5,3235,42.12,40.00,60.00,3000,4,1986,66.20,0,40.00000000000016,6.666666666666694,5,Bots Recharged for WPT: 4
10_20_50_1_10_1_1_5_2_5_0.2_5,3381,39.32,40.00,60.00,3000,13,1236,41.20,0,44.00000000000015,7.333333333333358,5,Bots Recharged for WPT: 13
10_20_50_10_10_1_1_5_2_5_0.2_5,4118,35.96,20.00,80.00,3000,1,520,17.33,0,0,0.0,6,Bots Recharged for WPT: 1
10_20_50_20_10_1_1_5_2_5_0.2_5,4106,34.72,20.00,80.00,3000,1,529,17.63,0,0,0.0,6,Bots Recharged for WPT: 1
10_20_50_50_10_1_1_5_2_5_0.2_5,4268,42.04,40.00,60.00,3000,10,281,9.37,0,88.80000000000004,37.06666666666671,3,Bots Recharged for WPT: 10
10_50_1_1_10_1_1_5_2_5_0.2_5,3885,42.28,30.00,70.00,3000,26,1428,47.60,0,79.20000000000007,36.00000000000005,3,Bots Recharged for WPT: 26
10_50_1_10_10_1_1_5_2_5_0.2_5,3650,41.96,30.00,70.00,3000,4,1513,50.43,0,0,0.0,6,Bots Recharged for WPT: 4
10_50_1_20_10_1_1_5_2_5_0.2_5,3721,39.36,30.00,70.00,3000,16,777,25.90,0,17.843474569637042,2.97391242827284,5,Bots Recharged for WPT: 16
10_50_1_50_10_1_1_5_2_5_0.2_5,2734,41.00,50.00,50.00,3000,5,588,19.60,0,0,0.0,6,Bots Recharged for WPT: 5
10_50_10_1_10_1_1_5_2_5_0.2_5,3283,50.40,50.00,50.00,3000,7,792,26.40,0,57.600000000000136,15.866666666666719,4,Bots Recharged for WPT: 7
10_50_10_10_10_1_1_5_2_5_0.2_5,3210,44.04,40.00,60.00,3000,9,717,23.90,0,77.60000000000008,33.20000000000005,3,Bots Recharged for WPT: 9
10_50_10_20_10_1_1_5_2_5_0.2_5,2431,40.00,60.00,40.00,3000,11,847,28.23,0,82.40000000000006,26.400000000000023,4,Bots Recharged for WPT: 11
10_50_10_50_10_1_1_5_2_5_0.2_5,3184,38.12,40.00,60.00,3000,7,162,5.40,0,89.60000000000004,36.666666666666764,2,Bots Recharged for WPT: 7
10_50_20_1_10_1_1_5_2_5_0.2_5,4556,37.76,10.00,90.00,3000,4,1374,45.80,0,0,0.0,6,Bots Recharged for WPT: 4
10_50_20_10_10_1_1_5_2_5_0.2_5,5000,39.64,0.00,100.00,3000,9,1376,45.87,0,39.20000000000017,6.5333333333333625,5,Bots Recharged for WPT: 9
10_50_20_20_10_1_1_5_2_5_0.2_5,5000,37.64,0.00,100.00,3000,2,924,30.80,0,75.20000000000009,12.533333333333347,5,Bots Recharged for WPT: 2
10_50_20_50_10_1_1_5_2_5_0.2_5,3675,38.56,30.00,70.00,3000,5,794,26.47,0,75.20000000000009,29.3333333333334,3,Bots Recharged for WPT: 5
10_50_50_1_10_1_1_5_2_5_0.2_5,4510,37.36,10.00,90.00,3000,30,623,20.77,0,98.4,43.58268424947778,2,Bots Recharged for WPT: 30
10_50_50_10_10_1_1_5_2_5_0.2_5,2751,36.16,50.00,50.00,3000,9,218,7.27,0,90.40000000000003,26.400000000000023,4,Bots Recharged for WPT: 9
10_50_50_20_10_1_1_5_2_5_0.2_5,4267,36.84,20.00,80.00,3000,10,994,33.13,0,70.4000000000001,31.200000000000063,3,Bots Recharged for WPT: 10
10_50_50_50_10_1_1_5_2_5_0.2_5,2818,35.04,50.00,50.00,3000,5,955,31.83,0,70.4000000000001,22.53333333333337,4,Bots Recharged for WPT: 5
20_1_1_1_10_1_1_5_2_5_0.2_5,3971,47.40,30.00,70.00,3000,8,319,10.63,0,91.20000000000003,53.73333333333338,2,Bots Recharged for WPT: 8
20_1_1_10_10_1_1_5_2_5_0.2_5,3646,36.32,30.00,70.00,3000,6,1199,39.97,0,64.80000000000013,28.933333333333408,3,Bots Recharged for WPT: 6
20_1_1_20_10_1_1_5_2_5_0.2_5,4538,49.08,10.00,90.00,3000,9,266,8.87,0,79.20000000000007,42.53333333333342,2,Bots Recharged for WPT: 9
20_1_1_50_10_1_1_5_2_5_0.2_5,4223,41.72,20.00,80.00,3000,5,1003,33.43,0,56.00000000000013,17.20000000000005,4,Bots Recharged for WPT: 5
20_1_10_1_10_1_1_5_2_5_0.2_5,3356,46.40,60.00,40.00,3000,32,671,22.37,0,90.40000000000003,54.13333333333338,2,Bots Recharged for WPT: 32
20_1_10_10_10_1_1_5_2_5_0.2_5,2712,46.28,60.00,40.00,3000,5,181,6.03,0,78.40000000000008,49.363215145652354,1,Bots Recharged for WPT: 5
20_1_10_20_10_1_1_5_2_5_0.2_5,5000,37.52,0.00,100.00,3000,0,881,29.37,0,78.40000000000008,37.200000000000045,3,Bots Recharged for WPT: 0
20_1_10_50_10_1_1_5_2_5_0.2_5,4027,43.00,30.00,70.00,3000,9,1124,37.47,0,91.20000000000003,28.133333333333354,4,Bots Recharged for WPT: 9
20_1_20_1_10_1_1_5_2_5_0.2_5,2049,52.20,80.00,20.00,3000,6,875,29.17,0,44.000000000000185,14.133333333333391,4,Bots Recharged for WPT: 6
20_1_20_10_10_1_1_5_2_5_0.2_5,3284,49.16,50.00,50.00,3000,11,1140,38.00,0,88.80000000000004,28.400000000000016,4,Bots Recharged for WPT: 11
20_1_20_20_10_1_1_5_2_5_0.2_5,5000,38.32,0.00,100.00,3000,2,1285,42.83,0,56.80000000000011,17.333333333333375,4,Bots Recharged for WPT: 2
20_1_20_50_10_1_1_5_2_5_0.2_5,3775,44.68,30.00,70.00,3000,2,949,31.63,0,0,0.0,6,Bots Recharged for WPT: 2
20_1_50_1_10_1_1_5_2_5_0.2_5,3632,40.32,30.00,70.00,3000,22,1304,43.47,0,100,30.40000000000001,4,Bots Recharged for WPT: 22
20_1_50_10_10_1_1_5_2_5_0.2_5,2982,46.84,50.00,50.00,3000,6,981,32.70,0,55.200000000000145,22.133333333333415,3,Bots Recharged for WPT: 6
20_1_50_20_10_1_1_5_2_5_0.2_5,3279,44.84,50.00,50.00,3000,3,1181,39.37,0,40.800000000000146,12.800000000000054,4,Bots Recharged for WPT: 3
20_1_50_50_10_1_1_5_2_5_0.2_5,5000,35.68,0.00,100.00,3000,1,725,24.17,0,0,0.0,6,Bots Recharged for WPT: 1
20_10_1_1_10_1_1_5_2_5_0.2_5,3546,40.16,30.00,70.00,3000,9,619,20.63,0,90.40000000000003,48.26666666666677,1,Bots Recharged for WPT: 9
20_10_1_10_10_1_1_5_2_5_0.2_5,3755,41.00,30.00,70.00,3000,10,1325,44.17,0,52.80000000000016,8.800000000000027,5,Bots Recharged for WPT: 10
20_10_1_20_10_1_1_5_2_5_0.2_5,3636,40.56,30.00,70.00,3000,7,1962,65.40,0,0,0.0,6,Bots Recharged for WPT: 7
20_10_1_50_10_1_1_5_2_5_0.2_5,3654,42.36,40.00,60.00,3000,11,1084,36.13,0,84.00000000000006,21.33333333333337,4,Bots Recharged for WPT: 11
20_10_10_1_10_1_1_5_2_5_0.2_5,3226,47.80,40.00,60.00,3000,12,956,31.87,0,96.80000000000001,45.86666666666668,3,Bots Recharged for WPT: 12
20_10_10_10_10_1_1_5_2_5_0.2_5,3346,43.08,40.00,60.00,3000,10,676,22.53,0,76.80000000000008,22.13333333333337,4,Bots Recharged for WPT: 10
20_10_10_20_10_1_1_5_2_5_0.2_5,3193,44.44,40.00,60.00,3000,4,1082,36.07,0,67.20000000000012,11.200000000000019,5,Bots Recharged for WPT: 4
20_10_10_50_10_1_1_5_2_5_0.2_5,4039,38.32,20.00,80.00,3000,1,1039,34.63,0,76.80000000000008,12.800000000000013,5,Bots Recharged for WPT: 1
20_10_20_1_10_1_1_5_2_5_0.2_5,2454,51.92,70.00,30.00,3000,15,1001,33.37,0,85.60000000000005,33.866666666666724,3,Bots Recharged for WPT: 15
20_10_20_10_10_1_1_5_2_5_0.2_5,3677,45.24,30.00,70.00,3000,13,920,30.67,0,67.20000000000012,26.1333333333334,3,Bots Recharged for WPT: 13
20_10_20_20_10_1_1_5_2_5_0.2_5,4436,45.72,20.00,80.00,3000,11,1731,57.70,0,69.60000000000011,11.600000000000017,5,Bots Recharged for WPT: 11
20_10_20_50_10_1_1_5_2_5_0.2_5,3214,50.28,40.00,60.00,3000,7,1289,42.97,0,17.33513025221659,4.589190153946359,4,Bots Recharged for WPT: 7
20_10_50_1_10_1_1_5_2_5_0.2_5,2565,40.92,60.00,40.00,3000,1,1791,59.70,0,46.40000000000018,7.733333333333364,5,Bots Recharged for WPT: 1
20_10_50_10_10_1_1_5_2_5_0.2_5,3712,40.76,30.00,70.00,3000,2,1680,56.00,0,0,0.0,6,Bots Recharged for WPT: 2
20_10_50_20_10_1_1_5_2_5_0.2_5,2954,51.04,50.00,50.00,3000,5,1319,43.97,0,0,0.0,6,Bots Recharged for WPT: 5
20_10_50_50_10_1_1_5_2_5_0.2_5,3060,45.28,50.00,50.00,3000,10,1302,43.40,0,0,0.0,6,Bots Recharged for WPT: 10
20_20_1_1_10_1_1_5_2_5_0.2_5,4559,41.08,10.00,90.00,3000,2,2001,66.70,0,0,0.0,6,Bots Recharged for WPT: 2
20_20_1_10_10_1_1_5_2_5_0.2_5,2552,48.56,60.00,40.00,3000,6,527,17.57,0,77.60000000000008,24.13333333333341,3,Bots Recharged for WPT: 6
20_20_1_20_10_1_1_5_2_5_0.2_5,5000,41.40,0.00,100.00,3000,13,895,29.83,0,84.80000000000005,20.525769360373072,3,Bots Recharged for WPT: 13
20_20_1_50_10_1_1_5_2_5_0.2_5,3653,39.52,30.00,70.00,3000,1,1331,44.37,0,0,0.0,6,Bots Recharged for WPT: 1
20_20_10_1_10_1_1_5_2_5_0.2_5,3030,48.76,50.00,50.00,3000,21,778,25.93,0,91.20000000000003,56.400000000000084,1,Bots Recharged for WPT: 21
20_20_10_10_10_1_1_5_2_5_0.2_5,2471,47.80,60.00,40.00,3000,23,662,22.07,0,86.40000000000005,42.53333333333341,2,Bots Recharged for WPT: 23
20_20_10_20_10_1_1_5_2_5_0.2_5,2737,44.04,50.00,50.00,3000,21,886,29.53,0,88.00000000000004,51.733333333333384,2,Bots Recharged for WPT: 21
20_20_10_50_10_1_1_5_2_5_0.2_5,4193,39.48,20.00,80.00,3000,26,1087,36.23,0,100,35.19934801614877,2,Bots Recharged for WPT: 26
20_20_20_1_10_1_1_5_2_5_0.2_5,3633,42.00,30.00,70.00,3000,120,739,24.63,0,100,37.86666666666674,2,Bots Recharged for WPT: 120
20_20_20_10_10_1_1_5_2_5_0.2_5,3182,40.60,40.00,60.00,3000,0,1311,43.70,0,0,0.0,6,Bots Recharged for WPT: 0
20_20_20_20_10_1_1_5_2_5_0.2_5,4106,46.12,20.00,80.00,3000,9,721,24.03,0,52.80000000000015,16.000000000000053,4,Bots Recharged for WPT: 9
20_20_20_50_10_1_1_5_2_5_0.2_5,4106,43.20,20.00,80.00,3000,6,1559,51.97,0,0,0.0,6,Bots Recharged for WPT: 6
20_20_50_1_10_1_1_5_2_5_0.2_5,3183,43.24,40.00,60.00,3000,8,1274,42.47,0,49.60000000000016,12.266666666666723,4,Bots Recharged for WPT: 8
20_20_50_10_10_1_1_5_2_5_0.2_5,3819,43.44,30.00,70.00,3000,8,963,32.10,0,60.80000000000014,18.666666666666714,4,Bots Recharged for WPT: 8
20_20_50_20_10_1_1_5_2_5_0.2_5,4550,42.44,10.00,90.00,3000,13,981,32.70,0,80.00000000000007,37.434921596736395,2,Bots Recharged for WPT: 13
20_20_50_50_10_1_1_5_2_5_0.2_5,4032,37.76,20.00,80.00,3000,1,1878,62.60,0,0,0.0,6,Bots Recharged for WPT: 1
20_50_1_1_10_1_1_5_2_5_0.2_5,4212,42.36,30.00,70.00,3000,2,1849,61.63,0,74.40000000000009,12.400000000000015,5,Bots Recharged for WPT: 2
20_50_1_10_10_1_1_5_2_5_0.2_5,3518,45.72,40.00,60.00,3000,11,504,16.80,0,88.00000000000004,42.933333333333415,2,Bots Recharged for WPT: 11
20_50_1_20_10_1_1_5_2_5_0.2_5,2826,43.32,50.00,50.00,3000,6,1685,56.17,0,0,0.0,6,Bots Recharged for WPT: 6
20_50_1_50_10_1_1_5_2_5_0.2_5,3584,41.40,30.00,70.00,3000,5,1882,62.73,0,41.60000000000015,6.933333333333358,5,Bots Recharged for WPT: 5
20_50_10_1_10_1_1_5_2_5_0.2_5,3706,37.60,30.00,70.00,3000,1,1819,60.63,0,0,0.0,6,Bots Recharged for WPT: 1
20_50_10_10_10_1_1_5_2_5_0.2_5,3565,36.12,30.00,70.00,3000,6,1786,59.53,0,0,0.0,6,Bots Recharged for WPT: 6
20_50_10_20_10_1_1_5_2_5_0.2_5,2961,39.12,50.00,50.00,3000,5,899,29.97,0,70.4000000000001,11.73333333333335,5,Bots Recharged for WPT: 5
20_50_10_50_10_1_1_5_2_5_0.2_5,3985,37.64,30.00,70.00,3000,3,1450,48.33,0,40.000000000000185,6.666666666666697,5,Bots Recharged for WPT: 3
20_50_20_1_10_1_1_5_2_5_0.2_5,4101,42.84,20.00,80.00,3000,1,553,18.43,0,54.400000000000155,9.066666666666693,5,Bots Recharged for WPT: 1
20_50_20_10_10_1_1_5_2_5_0.2_5,3689,46.04,30.00,70.00,3000,62,1617,53.90,0,100,31.200000000000006,4,Bots Recharged for WPT: 62
20_50_20_20_10_1_1_5_2_5_0.2_5,5000,45.04,0.00,100.00,3000,6,979,32.63,0,51.20000000000017,8.533333333333362,5,Bots Recharged for WPT: 6
20_50_20_50_10_1_1_5_2_5_0.2_5,4543,39.48,10.00,90.00,3000,2,1892,63.07,0,0,0.0,6,Bots Recharged for WPT: 2
20_50_50_1_10_1_1_5_2_5_0.2_5,3199,39.32,40.00,60.00,3000,17,1045,34.83,0,80.80000000000007,24.400000000000034,4,Bots Recharged for WPT: 17
20_50_50_10_10_1_1_5_2_5_0.2_5,3642,42.68,30.00,70.00,3000,18,1468,48.93,0,60.80000000000014,10.133333333333356,5,Bots Recharged for WPT: 18
20_50_50_20_10_1_1_5_2_5_0.2_5,3364,43.92,40.00,60.00,3000,10,1436,47.87,0,25.257840680585833,4.209640113430972,5,Bots Recharged for WPT: 10
20_50_50_50_10_1_1_5_2_5_0.2_5,3681,37.64,30.00,70.00,3000,0,1314,43.80,0,54.40000000000016,9.066666666666693,5,Bots Recharged for WPT: 0
50_1_1_1_10_1_1_5_2_5_0.2_5,4614,36.20,10.00,90.00,3000,0,1589,52.97,0,88.00000000000004,18.400000000000034,4,Bots Recharged for WPT: 0
50_1_1_10_10_1_1_5_2_5_0.2_5,3941,43.12,30.00,70.00,3000,5,963,32.10,0,88.00000000000004,30.153167761346612,3,Bots Recharged for WPT: 5
50_1_1_20_10_1_1_5_2_5_0.2_5,5000,41.60,0.00,100.00,3000,1,1615,53.83,0,88.00000000000004,14.666666666666673,5,Bots Recharged for WPT: 1
50_1_1_50_10_1_1_5_2_5_0.2_5,4608,37.08,10.00,90.00,3000,0,1507,50.23,0,88.00000000000004,26.800000000000022,4,Bots Recharged for WPT: 0
50_1_10_1_10_1_1_5_2_5_0.2_5,4437,39.92,20.00,80.00,3000,1,1399,46.63,0,88.00000000000004,14.666666666666673,5,Bots Recharged for WPT: 1
50_1_10_10_10_1_1_5_2_5_0.2_5,5000,37.84,0.00,100.00,3000,3,902,30.07,0,88.00000000000004,35.60000000000005,3,Bots Recharged for WPT: 3
50_1_10_20_10_1_1_5_2_5_0.2_5,3882,40.36,40.00,60.00,3000,11,514,17.13,0,88.00000000000004,58.933333333333415,1,Bots Recharged for WPT: 11
50_1_10_50_10_1_1_5_2_5_0.2_5,4596,44.00,20.00,80.00,3000,4,303,10.10,0,90.40000000000003,48.40000000000006,2,Bots Recharged for WPT: 4
50_1_20_1_10_1_1_5_2_5_0.2_5,4099,35.52,20.00,80.00,3000,0,2008,66.93,0,88.00000000000004,14.666666666666673,5,Bots Recharged for WPT: 0
50_1_20_10_10_1_1_5_2_5_0.2_5,4494,39.36,20.00,80.00,3000,3,1018,33.93,0,88.00000000000004,14.666666666666673,5,Bots Recharged for WPT: 3
50_1_20_20_10_1_1_5_2_5_0.2_5,4122,36.52,20.00,80.00,3000,0,1584,52.80,0,88.00000000000004,24.400000000000034,4,Bots Recharged for WPT: 0
50_1_20_50_10_1_1_5_2_5_0.2_5,4657,40.72,10.00,90.00,3000,1,1482,49.40,0,88.00000000000004,14.666666666666673,5,Bots Recharged for WPT: 1
50_1_50_1_10_1_1_5_2_5_0.2_5,4366,41.52,20.00,80.00,3000,5,813,27.10,0,98.4,42.53333333333341,2,Bots Recharged for WPT: 5
50_1_50_10_10_1_1_5_2_5_0.2_5,4514,43.36,10.00,90.00,3000,1,956,31.87,0,55.20000000000013,17.066666666666706,4,Bots Recharged for WPT: 1
50_1_50_20_10_1_1_5_2_5_0.2_5,4080,46.44,30.00,70.00,3000,1,805,26.83,0,0,0.0,6,Bots Recharged for WPT: 1
50_1_50_50_10_1_1_5_2_5_0.2_5,4537,38.80,10.00,90.00,3000,3,932,31.07,0,82.40000000000006,36.40000000000005,3,Bots Recharged for WPT: 3
50_10_1_1_10_1_1_5_2_5_0.2_5,3298,40.36,40.00,60.00,3000,7,1745,58.17,0,78.40000000000008,20.266666666666705,4,Bots Recharged for WPT: 7
50_10_1_10_10_1_1_5_2_5_0.2_5,5000,41.00,0.00,100.00,3000,1,1594,53.13,0,56.80000000000015,9.466666666666692,5,Bots Recharged for WPT: 1
50_10_1_20_10_1_1_5_2_5_0.2_5,3806,43.52,30.00,70.00,3000,1,2127,70.90,0,0,0.0,6,Bots Recharged for WPT: 1
50_10_1_50_10_1_1_5_2_5_0.2_5,4772,44.36,10.00,90.00,3000,2,2169,72.30,0,0,0.0,6,Bots Recharged for WPT: 2
50_10_10_1_10_1_1_5_2_5_0.2_5,4130,39.00,20.00,80.00,3000,0,1998,66.60,0,0,0.0,6,Bots Recharged for WPT: 0
50_10_10_10_10_1_1_5_2_5_0.2_5,3774,47.00,40.00,60.00,3000,6,1859,61.97,0,2.092793818597282,0.34879896976621366,5,Bots Recharged for WPT: 6
50_10_10_20_10_1_1_5_2_5_0.2_5,4569,37.08,10.00,90.00,3000,15,1928,64.27,0,0,0.0,6,Bots Recharged for WPT: 15
50_10_10_50_10_1_1_5_2_5_0.2_5,4125,34.88,20.00,80.00,3000,0,2316,77.20,0,0,0.0,6,Bots Recharged for WPT: 0
50_10_20_1_10_1_1_5_2_5_0.2_5,3730,44.60,30.00,70.00,3000,1,2065,68.83,0,0,0.0,6,Bots Recharged for WPT: 1
50_10_20_10_10_1_1_5_2_5_0.2_5,4057,41.20,20.00,80.00,3000,0,2142,71.40,0,0,0.0,6,Bots Recharged for WPT: 0
50_10_20_20_10_1_1_5_2_5_0.2_5,3765,45.48,40.00,60.00,3000,4,1360,45.33,0,45.60000000000017,7.600000000000029,5,Bots Recharged for WPT: 4
50_10_20_50_10_1_1_5_2_5_0.2_5,4516,44.12,10.00,90.00,3000,3,1357,45.23,0,0,0.0,6,Bots Recharged for WPT: 3
50_10_50_1_10_1_1_5_2_5_0.2_5,4561,47.52,10.00,90.00,3000,7,825,27.50,0,67.20000000000012,24.80000000000008,3,Bots Recharged for WPT: 7
50_10_50_10_10_1_1_5_2_5_0.2_5,2972,53.48,50.00,50.00,3000,6,1360,45.33,0,61.600000000000136,16.13333333333339,4,Bots Recharged for WPT: 6
50_10_50_20_10_1_1_5_2_5_0.2_5,3262,52.88,50.00,50.00,3000,7,1094,36.47,0,38.400000000000205,6.400000000000034,5,Bots Recharged for WPT: 7
50_10_50_50_10_1_1_5_2_5_0.2_5,4096,42.12,20.00,80.00,3000,0,1390,46.33,0,0,0.0,6,Bots Recharged for WPT: 0
50_20_1_1_10_1_1_5_2_5_0.2_5,3667,45.24,30.00,70.00,3000,7,1534,51.13,0,98.4,16.400000000000002,5,Bots Recharged for WPT: 7
50_20_1_10_10_1_1_5_2_5_0.2_5,4060,43.48,20.00,80.00,3000,6,1638,54.60,0,38.40000000000014,12.000000000000052,4,Bots Recharged for WPT: 6
50_20_1_20_10_1_1_5_2_5_0.2_5,3654,41.32,30.00,70.00,3000,5,1095,36.50,0,78.40000000000008,13.066666666666679,5,Bots Recharged for WPT: 5
50_20_1_50_10_1_1_5_2_5_0.2_5,4077,43.20,20.00,80.00,3000,3,1619,53.97,0,0,0.0,6,Bots Recharged for WPT: 3
50_20_10_1_10_1_1_5_2_5_0.2_5,3468,41.28,40.00,60.00,3000,0,1965,65.50,0,52.000000000000156,8.666666666666693,5,Bots Recharged for WPT: 0
50_20_10_10_10_1_1_5_2_5_0.2_5,2682,47.28,60.00,40.00,3000,4,2000,66.67,0,0,0.0,6,Bots Recharged for WPT: 4
50_20_10_20_10_1_1_5_2_5_0.2_5,4541,42.84,10.00,90.00,3000,4,1730,57.67,0,82.40000000000006,13.733333333333343,5,Bots Recharged for WPT: 4
50_20_10_50_10_1_1_5_2_5_0.2_5,4060,43.20,30.00,70.00,3000,3,1918,63.93,0,0,0.0,6,Bots Recharged for WPT: 3
50_20_20_1_10_1_1_5_2_5_0.2_5,3688,39.32,30.00,70.00,3000,0,2030,67.67,0,76.00000000000009,12.66666666666668,5,Bots Recharged for WPT: 0
50_20_20_10_10_1_1_5_2_5_0.2_5,4523,39.08,10.00,90.00,3000,0,1584,52.80,0,76.00000000000009,17.600000000000048,4,Bots Recharged for WPT: 0
50_20_20_20_10_1_1_5_2_5_0.2_5,3443,41.48,40.00,60.00,3000,3,1280,42.67,0,68.00000000000011,11.333333333333352,5,Bots Recharged for WPT: 3
50_20_20_50_10_1_1_5_2_5_0.2_5,3820,44.12,30.00,70.00,3000,4,1142,38.07,0,76.00000000000009,12.66666666666668,5,Bots Recharged for WPT: 4
50_20_50_1_10_1_1_5_2_5_0.2_5,3694,41.84,30.00,70.00,3000,2,1210,40.33,0,25.600000000000172,4.266666666666695,5,Bots Recharged for WPT: 2
50_20_50_10_10_1_1_5_2_5_0.2_5,2282,47.92,70.00,30.00,3000,12,1533,51.10,0,80.80000000000007,13.466666666666677,5,Bots Recharged for WPT: 12
50_20_50_20_10_1_1_5_2_5_0.2_5,3245,38.64,40.00,60.00,3000,1,1584,52.80,0,48.80000000000018,8.133333333333363,5,Bots Recharged for WPT: 1
50_20_50_50_10_1_1_5_2_5_0.2_5,3273,44.16,40.00,60.00,3000,1,1557,51.90,0,49.60000000000017,8.266666666666696,5,Bots Recharged for WPT: 1
50_50_1_1_10_1_1_5_2_5_0.2_5,4533,35.56,10.00,90.00,3000,12,1390,46.33,0,87.20000000000005,25.866666666666692,4,Bots Recharged for WPT: 12
50_50_1_10_10_1_1_5_2_5_0.2_5,3643,35.32,30.00,70.00,3000,0,1841,61.37,0,68.00000000000011,11.333333333333352,5,Bots Recharged for WPT: 0
50_50_1_20_10_1_1_5_2_5_0.2_5,3412,38.08,40.00,60.00,3000,11,1345,44.83,0,96.80000000000001,42.53333333333336,3,Bots Recharged for WPT: 11
50_50_1_50_10_1_1_5_2_5_0.2_5,4099,35.96,20.00,80.00,3000,7,1665,55.50,0,68.00000000000011,11.333333333333352,5,Bots Recharged for WPT: 7
50_50_10_1_10_1_1_5_2_5_0.2_5,4263,40.88,20.00,80.00,3000,2,2398,79.93,0,0,0.0,6,Bots Recharged for WPT: 2
50_50_10_10_10_1_1_5_2_5_0.2_5,4102,43.80,20.00,80.00,3000,8,939,31.30,0,59.20000000000013,22.043325500924755,3,Bots Recharged for WPT: 8
50_50_10_20_10_1_1_5_2_5_0.2_5,3690,42.00,30.00,70.00,3000,4,1036,34.53,0,0,0.0,6,Bots Recharged for WPT: 4
50_50_10_50_10_1_1_5_2_5_0.2_5,3366,47.04,50.00,50.00,3000,6,1543,51.43,0,22.400000000000187,3.7333333333333645,5,Bots Recharged for WPT: 6
50_50_20_1_10_1_1_5_2_5_0.2_5,3685,39.20,30.00,70.00,3000,18,1565,52.17,0,79.20000000000007,23.600000000000033,4,Bots Recharged for WPT: 18
50_50_20_10_10_1_1_5_2_5_0.2_5,3593,38.16,30.00,70.00,3000,15,1160,38.67,0,79.20000000000007,20.634685933052555,3,Bots Recharged for WPT: 15
50_50_20_20_10_1_1_5_2_5_0.2_5,3627,40.20,30.00,70.00,3000,7,1535,51.17,0,79.20000000000007,13.200000000000012,5,Bots Recharged for WPT: 7
50_50_20_50_10_1_1_5_2_5_0.2_5,4098,38.40,20.00,80.00,3000,2,1278,42.60,0,79.20000000000007,13.200000000000012,5,Bots Recharged for WPT: 2
50_50_50_1_10_1_1_5_2_5_0.2_5,4076,41.36,20.00,80.00,3000,5,1216,40.53,0,44.00000000000018,7.333333333333363,5,Bots Recharged for WPT: 5
50_50_50_10_10_1_1_5_2_5_0.2_5,3195,39.04,40.00,60.00,3000,1,1442,48.07,0,49.60000000000018,8.266666666666696,5,Bots Recharged for WPT: 1
50_50_50_20_10_1_1_5_2_5_0.2_5,2721,44.00,50.00,50.00,3000,10,1546,51.53,0,75.20000000000009,15.365276100725685,4,Bots Recharged for WPT: 10
50_50_50_50_10_1_1_5_2_5_0.2_5,4122,44.16,20.00,80.00,3000,5,164,5.47,0,35.200000000000195,14.666666666666766,3,Bots Recharged for WPT: 5
